timestamp_iso8601,epoch_seconds,Corrente_Bateria_Principal_adc,Corrente_Bateria_Principal_value,Corrente_Celula_Hidrogenio_adc,Corrente_Celula_Hidrogenio_value,Tensao_Bateria_Principal_adc,Tensao_Bateria_Principal_value,Tensao_Celula_Hidrogenio_adc,Tensao_Celula_Hidrogenio_value,Corrente_Sistema_Auxiliar_adc,Corrente_Sistema_Auxiliar_value,Corrente_Carregamento_H2_adc,Corrente_Carregamento_H2_value,Pressao_Cilindro_Hidrogenio_adc,Pressao_Cilindro_Hidrogenio_value,Tensao_Barramento_Auxiliar_adc,Tensao_Barramento_Auxiliar_value,Nivel_Cilindro_Hidrogenio_adc,Nivel_Cilindro_Hidrogenio_value,SoC_percent_adc,SoC_percent_value,NC_adc,NC_value,NC_adc,NC_value,NC_adc,NC_value,NC_adc,NC_value,NC_adc,NC_value,NC_adc,NC_value,latitude,longitude,altitude,speed
2026-05-30T15:18:36-0300,1780165116,1040,-24.9578,1097,-25.1915,4,0.0032,3,0.0014,1046,-25.1719,1040,-24.2784,1,-0.1106,5150,11.9046,,0.0000,,100.0000,0,0.0000,0,0.0000,0,0.0000,0,0.0000,0,0.0000,0,0.0000,0.000000,0.000000,0.00,0.00
2026-05-30T15:18:36-0300,1780165116,1039,-24.9595,1096,-25.1932,3,0.0014,3,0.0014,1046,-25.1719,1039,-24.2801,0,-0.1661,5150,11.9046,,0.0000,,100.0000,0,0.0000,0,0.0000,0,0.0000,0,0.0000,0,0.0000,0,0.0000,0.000000,0.000000,0.00,0.00
2026-05-30T15:18:36-0300,1780165116,1038,-24.9615,1095,-25.1952,3,0.0010,3,0.0014,1045,-25.1735,1038,-24.2820,0,-0.1772,5151,11.9064,,0.0000,,100.0000,0,0.0000,0,0.0000,0,0.0000,0,0.0000,0,0.0000,0,0.0000,0.000000,0.000000,0.00,0.00
2026-05-30T15:18:36-0300,1780165116,1037,-24.9635,1094,-25.1973,2,-0.0009,3,0.0014,1044,-25.1755,1038,-24.2824,1,-0.1239,5150,11.9050,,0.0000,,100.0000,0,0.0000,0,0.0000,0,0.0000,0,0.0000,0,0.0000,0,0.0000,0.000000,0.000000,0.00,0.00
2026-05-30T15:18:36-0300,1780165116,1037,-24.9639,1093,-25.1993,3,0.0006,3,0.0014,1043,-25.1775,1037,-24.2841,0,-0.1688,5151,11.9065,,0.0000,,100.0000,0,0.0000,0,0.0000,0,0.0000,0,0.0000,0,0.0000,0,0.0000,0.000000,0.000000,0.00,0.00
2026-05-30T15:18:36-0300,1780165116,1036,-24.9656,1091,-25.2031,3,0.0009,3,0.0014,1043,-25.1780,1036,-24.2860,1,-0.1222,5150,11.9050,,0.0000,,100.0000,0,0.0000,0,0.0000,0,0.0000,0,0.0000,0,0.0000,0,0.0000,0.000000,0.000000,0.00,0.00
2026-05-30T15:18:37-0300,1780165117,1035,-24.9676,1090,-25.2055,3,0.0009,3,0.0014,1042,-25.1797,1036,-24.2864,0,-0.1684,5150,11.9047,,0.0000,,100.0000,0,0.0000,0,0.0000,0,0.0000,0,0.0000,0,0.0000,0,0.0000,0.000000,0.000000,0.00,0.00
2026-05-30T15:18:37-0300,1780165117,1034,-24.9697,1089,-25.2076,4,0.0028,3,0.0014,1042,-25.1800,1035,-24.2881,0,-0.1776,5150,11.9046,,0.0000,,100.0000,0,0.0000,0,0.0000,0,0.0000,0,0.0000,0,0.0000,0,0.0000,0.000000,0.000000,0.00,0.00
2026-05-30T15:18:37-0300,1780165117,1034,-24.9701,1088,-25.2097,3,0.0013,3,0.0014,1041,-25.1817,1035,-24.2885,1,-0.1240,5151,11.9064,,0.0000,,100.0000,0,0.0000,0,0.0000,0,0.0000,0,0.0000,0,0.0000,0,0.0000,0.000000,0.000000,0.00,0.00
2026-05-30T15:18:37-0300,1780165117,1033,-24.9718,1087,-25.2118,3,0.0010,3,0.0014,1040,-25.1837,1034,-24.2902,1,-0.1133,5151,11.9068,,0.0000,,100.0000,0,0.0000,0,0.0000,0,0.0000,0,0.0000,0,0.0000,0,0.0000,0.000000,0.000000,0.00,0.00
2026-05-30T15:18:37-0300,1780165117,1033,-24.9722,1086,-25.2139,4,0.0028,3,0.0014,1040,-25.1841,1033,-24.2921,1,-0.1111,5150,11.9050,,0.0000,,100.0000,0,0.0000,0,0.0000,0,0.0000,0,0.0000,0,0.0000,0,0.0000,0.000000,0.000000,0.00,0.00
2026-05-30T15:18:37-0300,1780165117,1032,-24.9739,1085,-25.2160,3,0.0013,4,0.0033,1039,-25.1859,1033,-24.2925,0,-0.1662,5150,11.9047,,0.0000,,100.0000,0,0.0000,0,0.0000,0,0.0000,0,0.0000,0,0.0000,0,0.0000,0.000000,0.000000,0.00,0.00
2026-05-30T15:18:37-0300,1780165117,1031,-24.9759,1084,-25.2180,4,0.0029,3,0.0018,1038,-25.1879,1032,-24.2942,0,-0.1772,5150,11.9046,,0.0000,,100.0000,0,0.0000,0,0.0000,0,0.0000,0,0.0000,0,0.0000,0,0.0000,0.000000,0.000000,0.00,0.00
2026-05-30T15:18:37-0300,1780165117,1031,-24.9763,1083,-25.2201,3,0.0013,3,0.0015,1038,-25.1883,1032,-24.2945,0,-0.1794,5150,11.9046,,0.0000,,100.0000,0,0.0000,0,0.0000,0,0.0000,0,0.0000,0,0.0000,0,0.0000,0.000000,0.000000,0.00,0.00
2026-05-30T15:18:37-0300,1780165117,1030,-24.9780,1081,-25.2239,4,0.0029,2,-0.0004,1038,-25.1883,1031,-24.2962,1,-0.1244,5150,11.9046,,0.0000,,100.0000,0,0.0000,0,0.0000,0,0.0000,0,0.0000,0,0.0000,0,0.0000,0.000000,0.000000,0.00,0.00
2026-05-30T15:18:37-0300,1780165117,1029,-24.9800,1080,-25.2263,3,0.0013,3,0.0010,1037,-25.1900,1031,-24.2966,0,-0.1688,5151,11.9064,,0.0000,,100.0000,0,0.0000,0,0.0000,0,0.0000,0,0.0000,0,0.0000,0,0.0000,0.000000,0.000000,0.00,0.00
2026-05-30T15:18:37-0300,1780165117,1028,-24.9820,1080,-25.2267,4,0.0029,3,0.0013,1036,-25.1920,1030,-24.2983,0,-0.1777,5150,11.9050,,0.0000,,100.0000,0,0.0000,0,0.0000,0,0.0000,0,0.0000,0,0.0000,0,0.0000,0.000000,0.000000,0.00,0.00
2026-05-30T15:18:37-0300,1780165117,1028,-24.9824,1079,-25.2285,3,0.0013,3,0.0014,1036,-25.1924,1029,-24.3002,1,-0.1240,5150,11.9047,,0.0000,,100.0000,0,0.0000,0,0.0000,0,0.0000,0,0.0000,0,0.0000,0,0.0000,0.000000,0.000000,0.00,0.00
2026-05-30T15:18:37-0300,1780165117,1028,-24.9825,1078,-25.2305,4,0.0029,3,0.0014,1035,-25.1941,1029,-24.3006,1,-0.1133,5150,11.9046,,0.0000,,100.0000,0,0.0000,0,0.0000,0,0.0000,0,0.0000,0,0.0000,0,0.0000,0.000000,0.000000,0.00,0.00
2026-05-30T15:18:37-0300,1780165117,1027,-24.9842,1077,-25.2326,3,0.0013,3,0.0014,1036,-25.1928,1027,-24.3039,1,-0.1111,5150,11.9046,,0.0000,,100.0000,0,0.0000,0,0.0000,0,0.0000,0,0.0000,0,0.0000,0,0.0000,0.000000,0.000000,0.00,0.00
2026-05-30T15:18:37-0300,1780165117,1027,-24.9845,1076,-25.2347,3,0.0010,3,0.0014,1034,-25.1958,1027,-24.3046,0,-0.1662,5150,11.9046,,0.0000,,100.0000,0,0.0000,0,0.0000,0,0.0000,0,0.0000,0,0.0000,0,0.0000,0.000000,0.000000,0.00,0.00
2026-05-30T15:18:37-0300,1780165117,1026,-24.9862,1075,-25.2367,3,0.0010,3,0.0014,1033,-25.1981,1027,-24.3047,1,-0.1217,5150,11.9046,,0.0000,,100.0000,0,0.0000,0,0.0000,0,0.0000,0,0.0000,0,0.0000,0,0.0000,0.000000,0.000000,0.00,0.00
2026-05-30T15:18:38-0300,1780165118,1024,-24.9899,1073,-25.2405,3,0.0009,3,0.0014,1033,-25.1985,1026,-24.3064,1,-0.1128,5150,11.9046,,0.0000,,100.0000,0,0.0000,0,0.0000,0,0.0000,0,0.0000,0,0.0000,0,0.0000,0.000000,0.000000,0.00,0.00
2026-05-30T15:18:38-0300,1780165118,1024,-24.9906,1073,-25.2412,3,0.0009,4,0.0033,1033,-25.1986,1026,-24.3067,0,-0.1665,5150,11.9046,,0.0000,,100.0000,0,0.0000,0,0.0000,0,0.0000,0,0.0000,0,0.0000,0,0.0000,0.000000,0.000000,0.00,0.00
2026-05-30T15:18:38-0300,1780165118,1024,-24.9908,1072,-25.2430,3,0.0009,3,0.0018,1032,-25.2003,1025,-24.3084,1,-0.1218,5151,11.9064,,0.0000,,100.0000,0,0.0000,0,0.0000,0,0.0000,0,0.0000,0,0.0000,0,0.0000,0.000000,0.000000,0.00,0.00
2026-05-30T15:18:38-0300,1780165118,1023,-24.9924,1071,-25.2451,3,0.0009,3,0.0015,1031,-25.2023,1025,-24.3087,0,-0.1683,5150,11.9050,,0.0000,,100.0000,0,0.0000,0,0.0000,0,0.0000,0,0.0000,0,0.0000,0,0.0000,0.000000,0.000000,0.00,0.00
2026-05-30T15:18:38-0300,1780165118,1022,-24.9944,1071,-25.2455,3,0.0009,3,0.0014,1031,-25.2027,1024,-24.3104,0,-0.1776,5150,11.9047,,0.0000,,100.0000,0,0.0000,0,0.0000,0,0.0000,0,0.0000,0,0.0000,0,0.0000,0.000000,0.000000,0.00,0.00
2026-05-30T15:18:38-0300,1780165118,1022,-24.9948,1069,-25.2489,3,0.0009,4,0.0033,1030,-25.2044,1024,-24.3107,1,-0.1240,5151,11.9065,,0.0000,,100.0000,0,0.0000,0,0.0000,0,0.0000,0,0.0000,0,0.0000,0,0.0000,0.000000,0.000000,0.00,0.00
2026-05-30T15:18:38-0300,1780165118,1021,-24.9965,1069,-25.2496,3,0.0009,3,0.0018,1030,-25.2047,1023,-24.3124,1,-0.1133,5151,11.9068,,0.0000,,100.0000,0,0.0000,0,0.0000,0,0.0000,0,0.0000,0,0.0000,0,0.0000,0.000000,0.000000,0.00,0.00
2026-05-30T15:18:38-0300,1780165118,1021,-24.9969,1068,-25.2514,3,0.0009,3,0.0015,1030,-25.2048,1023,-24.3128,0,-0.1666,5150,11.9050,,0.0000,,100.0000,0,0.0000,0,0.0000,0,0.0000,0,0.0000,0,0.0000,0,0.0000,0.000000,0.000000,0.00,0.00
2026-05-30T15:18:38-0300,1780165118,1020,-24.9986,1067,-25.2534,4,0.0028,3,0.0014,1029,-25.2065,1023,-24.3128,0,-0.1773,5150,11.9047,,0.0000,,100.0000,0,0.0000,0,0.0000,0,0.0000,0,0.0000,0,0.0000,0,0.0000,0.000000,0.000000,0.00,0.00
2026-05-30T15:18:38-0300,1780165118,1020,-24.9989,1066,-25.2554,3,0.0013,3,0.0014,1029,-25.2068,1023,-24.3128,1,-0.1239,5150,11.9046,,0.0000,,100.0000,0,0.0000,0,0.0000,0,0.0000,0,0.0000,0,0.0000,0,0.0000,0.000000,0.000000,0.00,0.00
2026-05-30T15:18:38-0300,1780165118,1019,-25.0007,1065,-25.2575,3,0.0010,3,0.0014,1029,-25.2069,1021,-24.3161,1,-0.1133,5151,11.9064,,0.0000,,100.0000,0,0.0000,0,0.0000,0,0.0000,0,0.0000,0,0.0000,0,0.0000,0.000000,0.000000,0.00,0.00
2026-05-30T15:18:38-0300,1780165118,1018,-25.0026,1063,-25.2613,3,0.0010,3,0.0014,1028,-25.2085,1020,-24.3183,1,-0.1111,5151,11.9068,,0.0000,,100.0000,0,0.0000,0,0.0000,0,0.0000,0,0.0000,0,0.0000,0,0.0000,0.000000,0.000000,0.00,0.00
2026-05-30T15:18:38-0300,1780165118,1018,-25.0030,1064,-25.2603,3,0.0009,3,0.0014,1027,-25.2105,1021,-24.3172,1,-0.1107,5150,11.9050,,0.0000,,100.0000,0,0.0000,0,0.0000,0,0.0000,0,0.0000,0,0.0000,0,0.0000,0.000000,0.000000,0.00,0.00
2026-05-30T15:18:38-0300,1780165118,1016,-25.0064,1062,-25.2635,4,0.0028,3,0.0014,1027,-25.2109,1019,-24.3202,1,-0.1106,5151,11.9065,,0.0000,,100.0000,0,0.0000,0,0.0000,0,0.0000,0,0.0000,0,0.0000,0,0.0000,0.000000,0.000000,0.00,0.00
2026-05-30T15:18:38-0300,1780165118,1017,-25.0054,1062,-25.2641,3,0.0013,3,0.0014,1027,-25.2110,1020,-24.3192,0,-0.1661,5150,11.9050,,0.0000,,100.0000,0,0.0000,0,0.0000,0,0.0000,0,0.0000,0,0.0000,0,0.0000,0.000000,0.000000,0.00,0.00
2026-05-30T15:18:38-0300,1780165118,1016,-25.0069,1060,-25.2676,3,0.0010,4,0.0033,1026,-25.2126,1019,-24.3206,1,-0.1217,5150,11.9047,,0.0000,,100.0000,0,0.0000,0,0.0000,0,0.0000,0,0.0000,0,0.0000,0,0.0000,0.000000,0.000000,0.00,0.00
2026-05-30T15:18:38-0300,1780165118,1016,-25.0072,1060,-25.2683,3,0.0010,3,0.0018,1025,-25.2146,1018,-24.3225,1,-0.1128,5150,11.9046,,0.0000,,100.0000,0,0.0000,0,0.0000,0,0.0000,0,0.0000,0,0.0000,0,0.0000,0.000000,0.000000,0.00,0.00
2026-05-30T15:18:39-0300,1780165119,1016,-25.0072,1060,-25.2684,2,-0.0009,3,0.0015,1025,-25.2150,1018,-24.3229,1,-0.1111,5151,11.9064,,0.0000,,100.0000,0,0.0000,0,0.0000,0,0.0000,0,0.0000,0,0.0000,0,0.0000,0.000000,0.000000,0.00,0.00
2026-05-30T15:18:39-0300,1780165119,1015,-25.0089,1059,-25.2701,3,0.0006,4,0.0033,1025,-25.2151,1017,-24.3246,0,-0.1662,5150,11.9050,,0.0000,,100.0000,0,0.0000,0,0.0000,0,0.0000,0,0.0000,0,0.0000,0,0.0000,0.000000,0.000000,0.00,0.00
2026-05-30T15:18:39-0300,1780165119,1014,-25.0109,1058,-25.2721,3,0.0009,3,0.0018,1024,-25.2168,1018,-24.3233,2,-0.0662,5150,11.9047,,0.0000,,100.0000,0,0.0000,0,0.0000,0,0.0000,0,0.0000,0,0.0000,0,0.0000,0.000000,0.000000,0.00,0.00
2026-05-30T15:18:39-0300,1780165119,1014,-25.0113,1056,-25.2758,3,0.0009,3,0.0015,1023,-25.2187,1017,-24.3246,1,-0.1017,5150,11.9046,,0.0000,,100.0000,0,0.0000,0,0.0000,0,0.0000,0,0.0000,0,0.0000,0,0.0000,0.000000,0.000000,0.00,0.00
2026-05-30T15:18:39-0300,1780165119,1013,-25.0130,1056,-25.2766,3,0.0009,3,0.0014,1024,-25.2175,1017,-24.3249,1,-0.1088,5150,11.9046,,0.0000,,100.0000,0,0.0000,0,0.0000,0,0.0000,0,0.0000,0,0.0000,0,0.0000,0.000000,0.000000,0.00,0.00
2026-05-30T15:18:39-0300,1780165119,1013,-25.0134,1055,-25.2784,3,0.0009,3,0.0014,1022,-25.2205,1016,-24.3266,1,-0.1103,5150,11.9046,,0.0000,,100.0000,0,0.0000,0,0.0000,0,0.0000,0,0.0000,0,0.0000,0,0.0000,0.000000,0.000000,0.00,0.00
2026-05-30T15:18:39-0300,1780165119,1012,-25.0151,1055,-25.2787,3,0.0009,3,0.0014,1022,-25.2211,1015,-24.3285,0,-0.1660,5150,11.9046,,0.0000,,100.0000,0,0.0000,0,0.0000,0,0.0000,0,0.0000,0,0.0000,0,0.0000,0.000000,0.000000,0.00,0.00
2026-05-30T15:18:39-0300,1780165119,1012,-25.0154,1054,-25.2805,3,0.0009,3,0.0014,1022,-25.2213,1016,-24.3273,0,-0.1772,5151,11.9064,,0.0000,,100.0000,0,0.0000,0,0.0000,0,0.0000,0,0.0000,0,0.0000,0,0.0000,0.000000,0.000000,0.00,0.00
2026-05-30T15:18:39-0300,1780165119,1011,-25.0171,1053,-25.2825,3,0.0009,4,0.0033,1021,-25.2229,1015,-24.3287,1,-0.1239,5151,11.9068,,0.0000,,100.0000,0,0.0000,0,0.0000,0,0.0000,0,0.0000,0,0.0000,0,0.0000,0.000000,0.000000,0.00,0.00
2026-05-30T15:18:39-0300,1780165119,1011,-25.0175,1053,-25.2829,3,0.0009,3,0.0018,1022,-25.2216,1015,-24.3290,0,-0.1688,5150,11.9050,,0.0000,,100.0000,0,0.0000,0,0.0000,0,0.0000,0,0.0000,0,0.0000,0,0.0000,0.000000,0.000000,0.00,0.00
2026-05-30T15:18:39-0300,1780165119,1011,-25.0175,1052,-25.2846,3,0.0009,3,0.0015,1021,-25.2230,1014,-24.3306,0,-0.1777,5150,11.9047,,0.0000,,100.0000,0,0.0000,0,0.0000,0,0.0000,0,0.0000,0,0.0000,0,0.0000,0.000000,0.000000,0.00,0.00
2026-05-30T15:18:39-0300,1780165119,1010,-25.0192,1052,-25.2850,4,0.0028,3,0.0014,1021,-25.2233,1013,-24.3326,1,-0.1240,5150,11.9046,,0.0000,,100.0000,0,0.0000,0,0.0000,0,0.0000,0,0.0000,0,0.0000,0,0.0000,0.000000,0.000000,0.00,0.00
2026-05-30T15:18:39-0300,1780165119,1010,-25.0195,1051,-25.2867,3,0.0013,3,0.0014,1021,-25.2233,1013,-24.3330,1,-0.1133,5150,11.9046,,0.0000,,100.0000,0,0.0000,0,0.0000,0,0.0000,0,0.0000,0,0.0000,0,0.0000,0.000000,0.000000,0.00,0.00
2026-05-30T15:18:39-0300,1780165119,1009,-25.0213,1050,-25.2887,4,0.0029,3,0.0014,1020,-25.2250,1013,-24.3331,0,-0.1666,5150,11.9046,,0.0000,,100.0000,0,0.0000,0,0.0000,0,0.0000,0,0.0000,0,0.0000,0,0.0000,0.000000,0.000000,0.00,0.00
2026-05-30T15:18:39-0300,1780165119,1009,-25.0216,1049,-25.2908,3,0.0013,3,0.0014,1020,-25.2253,1012,-24.3347,1,-0.1218,5150,11.9046,,0.0000,,100.0000,0,0.0000,0,0.0000,0,0.0000,0,0.0000,0,0.0000,0,0.0000,0.000000,0.000000,0.00,0.00
2026-05-30T15:18:39-0300,1780165119,1008,-25.0233,1049,-25.2912,3,0.0010,3,0.0014,1019,-25.2271,1012,-24.3350,0,-0.1683,5150,11.9046,,0.0000,,100.0000,0,0.0000,0,0.0000,0,0.0000,0,0.0000,0,0.0000,0,0.0000,0.000000,0.000000,0.00,0.00
2026-05-30T15:18:40-0300,1780165120,1008,-25.0237,1048,-25.2929,3,0.0010,3,0.0014,1019,-25.2274,1012,-24.3351,0,-0.1776,5150,11.9046,,0.0000,,100.0000,0,0.0000,0,0.0000,0,0.0000,0,0.0000,0,0.0000,0,0.0000,0.000000,0.000000,0.00,0.00
2026-05-30T15:18:40-0300,1780165120,1007,-25.0254,1047,-25.2949,3,0.0009,3,0.0014,1018,-25.2291,1012,-24.3351,1,-0.1240,5150,11.9046,,0.0000,,100.0000,0,0.0000,0,0.0000,0,0.0000,0,0.0000,0,0.0000,0,0.0000,0.000000,0.000000,0.00,0.00
2026-05-30T15:18:40-0300,1780165120,1007,-25.0257,1047,-25.2953,3,0.0009,3,0.0014,1018,-25.2295,1011,-24.3367,1,-0.1133,5150,11.9046,,0.0000,,100.0000,0,0.0000,0,0.0000,0,0.0000,0,0.0000,0,0.0000,0,0.0000,0.000000,0.000000,0.00,0.00
2026-05-30T15:18:40-0300,1780165120,1007,-25.0258,1047,-25.2954,4,0.0028,3,0.0014,1018,-25.2295,1011,-24.3370,1,-0.1111,5150,11.9046,,0.0000,,100.0000,0,0.0000,0,0.0000,0,0.0000,0,0.0000,0,0.0000,0,0.0000,0.000000,0.000000,0.00,0.00
2026-05-30T15:18:40-0300,1780165120,1006,-25.0274,1045,-25.2988,3,0.0013,3,0.0014,1018,-25.2295,1011,-24.3371,0,-0.1662,5150,11.9046,,0.0000,,100.0000,0,0.0000,0,0.0000,0,0.0000,0,0.0000,0,0.0000,0,0.0000,0.000000,0.000000,0.00,0.00
2026-05-30T15:18:40-0300,1780165120,1006,-25.0278,1044,-25.3011,3,0.0010,3,0.0014,1017,-25.2312,1010,-24.3387,1,-0.1217,5150,11.9046,,0.0000,,100.0000,0,0.0000,0,0.0000,0,0.0000,0,0.0000,0,0.0000,0,0.0000,0.000000,0.000000,0.00,0.00
2026-05-30T15:18:40-0300,1780165120,1005,-25.0295,1044,-25.3016,3,0.0010,3,0.0014,1017,-25.2315,1009,-24.3407,0,-0.1683,5150,11.9046,,0.0000,,100.0000,0,0.0000,0,0.0000,0,0.0000,0,0.0000,0,0.0000,0,0.0000,0.000000,0.000000,0.00,0.00
2026-05-30T15:18:40-0300,1780165120,1006,-25.0282,1044,-25.3017,4,0.0028,3,0.0014,1016,-25.2332,1010,-24.3394,1,-0.1222,5150,11.9046,,0.0000,,100.0000,0,0.0000,0,0.0000,0,0.0000,0,0.0000,0,0.0000,0,0.0000,0.000000,0.000000,0.00,0.00
2026-05-30T15:18:40-0300,1780165120,1005,-25.0296,1043,-25.3033,3,0.0013,3,0.0014,1016,-25.2336,1009,-24.3408,1,-0.1129,5150,11.9046,,0.0000,,100.0000,0,0.0000,0,0.0000,0,0.0000,0,0.0000,0,0.0000,0,0.0000,0.000000,0.000000,0.00,0.00
2026-05-30T15:18:40-0300,1780165120,1005,-25.0299,1042,-25.3053,3,0.0010,3,0.0014,1015,-25.2353,1008,-24.3427,1,-0.1111,5151,11.9064,,0.0000,,100.0000,0,0.0000,0,0.0000,0,0.0000,0,0.0000,0,0.0000,0,0.0000,0.000000,0.000000,0.00,0.00
2026-05-30T15:18:40-0300,1780165120,1004,-25.0316,1041,-25.3074,3,0.0010,3,0.0014,1016,-25.2340,1008,-24.3431,0,-0.1662,5150,11.9050,,0.0000,,100.0000,0,0.0000,0,0.0000,0,0.0000,0,0.0000,0,0.0000,0,0.0000,0.000000,0.000000,0.00,0.00
2026-05-30T15:18:40-0300,1780165120,1003,-25.0335,1041,-25.3078,3,0.0009,3,0.0014,1015,-25.2354,1008,-24.3432,1,-0.1217,5150,11.9047,,0.0000,,100.0000,0,0.0000,0,0.0000,0,0.0000,0,0.0000,0,0.0000,0,0.0000,0.000000,0.000000,0.00,0.00
2026-05-30T15:18:40-0300,1780165120,1003,-25.0339,1040,-25.3096,3,0.0009,3,0.0014,1015,-25.2356,1007,-24.3448,0,-0.1683,5150,11.9046,,0.0000,,100.0000,0,0.0000,0,0.0000,0,0.0000,0,0.0000,0,0.0000,0,0.0000,0.000000,0.000000,0.00,0.00
2026-05-30T15:18:40-0300,1780165120,1003,-25.0340,1040,-25.3099,3,0.0009,3,0.0014,1015,-25.2357,1007,-24.3451,0,-0.1776,5151,11.9064,,0.0000,,100.0000,0,0.0000,0,0.0000,0,0.0000,0,0.0000,0,0.0000,0,0.0000,0.000000,0.000000,0.00,0.00
2026-05-30T15:18:40-0300,1780165120,1002,-25.0357,1039,-25.3116,3,0.0009,3,0.0014,1014,-25.2374,1007,-24.3452,1,-0.1240,5150,11.9050,,0.0000,,100.0000,0,0.0000,0,0.0000,0,0.0000,0,0.0000,0,0.0000,0,0.0000,0.000000,0.000000,0.00,0.00
2026-05-30T15:18:40-0300,1780165120,1002,-25.0360,1038,-25.3136,3,0.0009,3,0.0014,1014,-25.2377,1006,-24.3468,0,-0.1688,5151,11.9065,,0.0000,,100.0000,0,0.0000,0,0.0000,0,0.0000,0,0.0000,0,0.0000,0,0.0000,0.000000,0.000000,0.00,0.00
2026-05-30T15:18:40-0300,1780165120,1002,-25.0361,1038,-25.3140,3,0.0009,3,0.0014,1013,-25.2394,1007,-24.3455,0,-0.1777,5150,11.9050,,0.0000,,100.0000,0,0.0000,0,0.0000,0,0.0000,0,0.0000,0,0.0000,0,0.0000,0.000000,0.000000,0.00,0.00
2026-05-30T15:18:41-0300,1780165121,1001,-25.0377,1037,-25.3158,3,0.0009,4,0.0033,1013,-25.2397,1006,-24.3469,1,-0.1240,5150,11.9047,,0.0000,,100.0000,0,0.0000,0,0.0000,0,0.0000,0,0.0000,0,0.0000,0,0.0000,0.000000,0.000000,0.00,0.00
2026-05-30T15:18:41-0300,1780165121,1001,-25.0381,1036,-25.3178,3,0.0009,3,0.0018,1013,-25.2398,1006,-24.3472,0,-0.1688,5150,11.9046,,0.0000,,100.0000,0,0.0000,0,0.0000,0,0.0000,0,0.0000,0,0.0000,0,0.0000,0.000000,0.000000,0.00,0.00
2026-05-30T15:18:41-0300,1780165121,1000,-25.0398,1037,-25.3165,3,0.0009,3,0.0015,1013,-25.2398,1005,-24.3488,1,-0.1222,5151,11.9064,,0.0000,,100.0000,0,0.0000,0,0.0000,0,0.0000,0,0.0000,0,0.0000,0,0.0000,0.000000,0.000000,0.00,0.00
2026-05-30T15:18:41-0300,1780165121,1000,-25.0401,1036,-25.3180,3,0.0009,3,0.0014,1013,-25.2398,1005,-24.3492,0,-0.1684,5150,11.9050,,0.0000,,100.0000,0,0.0000,0,0.0000,0,0.0000,0,0.0000,0,0.0000,0,0.0000,0.000000,0.000000,0.00,0.00
2026-05-30T15:18:41-0300,1780165121,999,-25.0419,1036,-25.3182,3,0.0009,3,0.0014,1012,-25.2415,1006,-24.3476,0,-0.1776,5150,11.9047,,0.0000,,100.0000,0,0.0000,0,0.0000,0,0.0000,0,0.0000,0,0.0000,0,0.0000,0.000000,0.000000,0.00,0.00
2026-05-30T15:18:41-0300,1780165121,1000,-25.0405,1035,-25.3200,3,0.0009,4,0.0033,1012,-25.2418,1005,-24.3489,1,-0.1240,5151,11.9065,,0.0000,,100.0000,0,0.0000,0,0.0000,0,0.0000,0,0.0000,0,0.0000,0,0.0000,0.000000,0.000000,0.00,0.00
2026-05-30T15:18:41-0300,1780165121,998,-25.0436,1034,-25.3220,3,0.0009,3,0.0018,1011,-25.2435,1004,-24.3508,0,-0.1688,5150,11.9050,,0.0000,,100.0000,0,0.0000,0,0.0000,0,0.0000,0,0.0000,0,0.0000,0,0.0000,0.000000,0.000000,0.00,0.00
2026-05-30T15:18:41-0300,1780165121,999,-25.0425,1034,-25.3224,3,0.0009,3,0.0015,1011,-25.2439,1005,-24.3496,0,-0.1777,5150,11.9047,,0.0000,,100.0000,0,0.0000,0,0.0000,0,0.0000,0,0.0000,0,0.0000,0,0.0000,0.000000,0.000000,0.00,0.00
2026-05-30T15:18:41-0300,1780165121,998,-25.0440,1034,-25.3224,4,0.0028,3,0.0014,1011,-25.2439,1004,-24.3509,1,-0.1240,5151,11.9065,,0.0000,,100.0000,0,0.0000,0,0.0000,0,0.0000,0,0.0000,0,0.0000,0,0.0000,0.000000,0.000000,0.00,0.00
2026-05-30T15:18:41-0300,1780165121,998,-25.0443,1033,-25.3241,3,0.0013,3,0.0014,1010,-25.2456,1003,-24.3528,1,-0.1133,5150,11.9050,,0.0000,,100.0000,0,0.0000,0,0.0000,0,0.0000,0,0.0000,0,0.0000,0,0.0000,0.000000,0.000000,0.00,0.00
2026-05-30T15:18:41-0300,1780165121,997,-25.0460,1032,-25.3261,3,0.0010,3,0.0014,1010,-25.2459,1003,-24.3532,1,-0.1111,5150,11.9047,,0.0000,,100.0000,0,0.0000,0,0.0000,0,0.0000,0,0.0000,0,0.0000,0,0.0000,0.000000,0.000000,0.00,0.00
2026-05-30T15:18:41-0300,1780165121,997,-25.0463,1032,-25.3265,4,0.0028,3,0.0014,1010,-25.2460,1002,-24.3549,1,-0.1107,5150,11.9046,,0.0000,,100.0000,0,0.0000,0,0.0000,0,0.0000,0,0.0000,0,0.0000,0,0.0000,0.000000,0.000000,0.00,0.00
2026-05-30T15:18:41-0300,1780165121,997,-25.0464,1032,-25.3266,4,0.0032,3,0.0014,1010,-25.2460,1003,-24.3536,0,-0.1661,5150,11.9046,,0.0000,,100.0000,0,0.0000,0,0.0000,0,0.0000,0,0.0000,0,0.0000,0,0.0000,0.000000,0.000000,0.00,0.00
2026-05-30T15:18:41-0300,1780165121,997,-25.0464,1031,-25.3283,3,0.0014,3,0.0014,1010,-25.2460,1002,-24.3550,1,-0.1217,5150,11.9046,,0.0000,,100.0000,0,0.0000,0,0.0000,0,0.0000,0,0.0000,0,0.0000,0,0.0000,0.000000,0.000000,0.00,0.00
2026-05-30T15:18:41-0300,1780165121,996,-25.0480,1031,-25.3286,3,0.0010,3,0.0014,1009,-25.2477,1002,-24.3553,0,-0.1683,5150,11.9046,,0.0000,,100.0000,0,0.0000,0,0.0000,0,0.0000,0,0.0000,0,0.0000,0,0.0000,0.000000,0.000000,0.00,0.00
2026-05-30T15:18:41-0300,1780165121,997,-25.0467,1030,-25.3303,3,0.0010,3,0.0014,1009,-25.2480,1001,-24.3569,1,-0.1221,5150,11.9046,,0.0000,,100.0000,0,0.0000,0,0.0000,0,0.0000,0,0.0000,0,0.0000,0,0.0000,0.000000,0.000000,0.00,0.00
2026-05-30T15:18:41-0300,1780165121,996,-25.0481,1030,-25.3307,2,-0.0009,3,0.0014,1008,-25.2497,1001,-24.3573,1,-0.1129,5151,11.9064,,0.0000,,100.0000,0,0.0000,0,0.0000,0,0.0000,0,0.0000,0,0.0000,0,0.0000,0.000000,0.000000,0.00,0.00
2026-05-30T15:18:42-0300,1780165122,996,-25.0484,1029,-25.3324,3,0.0006,3,0.0014,1008,-25.2500,1002,-24.3557,1,-0.1111,5150,11.9050,,0.0000,,100.0000,0,0.0000,0,0.0000,0,0.0000,0,0.0000,0,0.0000,0,0.0000,0.000000,0.000000,0.00,0.00
2026-05-30T15:18:42-0300,1780165122,996,-25.0484,1028,-25.3344,3,0.0009,3,0.0014,1008,-25.2501,1001,-24.3570,1,-0.1107,5151,11.9065,,0.0000,,100.0000,0,0.0000,0,0.0000,0,0.0000,0,0.0000,0,0.0000,0,0.0000,0.000000,0.000000,0.00,0.00
2026-05-30T15:18:42-0300,1780165122,995,-25.0501,1028,-25.3348,3,0.0009,3,0.0014,1007,-25.2518,1000,-24.3589,1,-0.1106,5150,11.9050,,0.0000,,100.0000,0,0.0000,0,0.0000,0,0.0000,0,0.0000,0,0.0000,0,0.0000,0.000000,0.000000,0.00,0.00
2026-05-30T15:18:42-0300,1780165122,995,-25.0504,1028,-25.3349,3,0.0009,3,0.0014,1008,-25.2505,1000,-24.3593,1,-0.1106,5151,11.9065,,0.0000,,100.0000,0,0.0000,0,0.0000,0,0.0000,0,0.0000,0,0.0000,0,0.0000,0.000000,0.000000,0.00,0.00
2026-05-30T15:18:42-0300,1780165122,994,-25.0521,1027,-25.3366,3,0.0009,3,0.0014,1007,-25.2518,1000,-24.3594,1,-0.1106,5150,11.9050,,0.0000,,100.0000,0,0.0000,0,0.0000,0,0.0000,0,0.0000,0,0.0000,0,0.0000,0.000000,0.000000,0.00,0.00
2026-05-30T15:18:42-0300,1780165122,994,-25.0525,1027,-25.3369,3,0.0009,3,0.0014,1008,-25.2505,1000,-24.3594,1,-0.1106,5150,11.9047,,0.0000,,100.0000,0,0.0000,0,0.0000,0,0.0000,0,0.0000,0,0.0000,0,0.0000,0.000000,0.000000,0.00,0.00
2026-05-30T15:18:42-0300,1780165122,994,-25.0526,1026,-25.3387,3,0.0009,3,0.0014,1007,-25.2518,1000,-24.3594,1,-0.1106,5150,11.9046,,0.0000,,100.0000,0,0.0000,0,0.0000,0,0.0000,0,0.0000,0,0.0000,0,0.0000,0.000000,0.000000,0.00,0.00
2026-05-30T15:18:42-0300,1780165122,993,-25.0542,1027,-25.3373,3,0.0009,3,0.0014,1006,-25.2538,1000,-24.3594,0,-0.1661,5150,11.9046,,0.0000,,100.0000,0,0.0000,0,0.0000,0,0.0000,0,0.0000,0,0.0000,0,0.0000,0.000000,0.000000,0.00,0.00
2026-05-30T15:18:42-0300,1780165122,994,-25.0529,1026,-25.3387,3,0.0009,2,-0.0004,1007,-25.2525,999,-24.3610,0,-0.1772,5150,11.9046,,0.0000,,100.0000,0,0.0000,0,0.0000,0,0.0000,0,0.0000,0,0.0000,0,0.0000,0.000000,0.000000,0.00,0.00
2026-05-30T15:18:42-0300,1780165122,993,-25.0543,1025,-25.3407,3,0.0009,3,0.0010,1006,-25.2539,999,-24.3613,1,-0.1239,5150,11.9046,,0.0000,,100.0000,0,0.0000,0,0.0000,0,0.0000,0,0.0000,0,0.0000,0,0.0000,0.000000,0.000000,0.00,0.00
2026-05-30T15:18:42-0300,1780165122,993,-25.0546,1024,-25.3427,3,0.0009,3,0.0013,1006,-25.2542,998,-24.3630,1,-0.1133,5150,11.9046,,0.0000,,100.0000,0,0.0000,0,0.0000,0,0.0000,0,0.0000,0,0.0000,0,0.0000,0.000000,0.000000,0.00,0.00
2026-05-30T15:18:42-0300,1780165122,992,-25.0563,1024,-25.3431,3,0.0009,4,0.0032,1006,-25.2542,999,-24.3617,1,-0.1111,5150,11.9046,,0.0000,,100.0000,0,0.0000,0,0.0000,0,0.0000,0,0.0000,0,0.0000,0,0.0000,0.000000,0.000000,0.00,0.00
2026-05-30T15:18:42-0300,1780165122,991,-25.0583,1025,-25.3416,3,0.0009,3,0.0018,1006,-25.2542,998,-24.3631,0,-0.1662,5151,11.9064,,0.0000,,100.0000,0,0.0000,0,0.0000,0,0.0000,0,0.0000,0,0.0000,0,0.0000,0.000000,0.000000,0.00,0.00
2026-05-30T15:18:42-0300,1780165122,991,-25.0587,1023,-25.3446,3,0.0009,3,0.0015,1006,-25.2542,997,-24.3650,1,-0.1217,5151,11.9068,,0.0000,,100.0000,0,0.0000,0,0.0000,0,0.0000,0,0.0000,0,0.0000,0,0.0000,0.000000,0.000000,0.00,0.00
2026-05-30T15:18:42-0300,1780165122,991,-25.0587,1024,-25.3435,3,0.0009,3,0.0014,1004,-25.2575,998,-24.3637,1,-0.1128,5150,11.9050,,0.0000,,100.0000,0,0.0000,0,0.0000,0,0.0000,0,0.0000,0,0.0000,0,0.0000,0.000000,0.000000,0.00,0.00
2026-05-30T15:18:42-0300,1780165122,991,-25.0588,1023,-25.3450,4,0.0028,3,0.0014,1005,-25.2566,997,-24.3651,1,-0.1111,5150,11.9047,,0.0000,,100.0000,0,0.0000,0,0.0000,0,0.0000,0,0.0000,0,0.0000,0,0.0000,0.000000,0.000000,0.00,0.00
2026-05-30T15:18:42-0300,1780165122,991,-25.0588,1023,-25.3452,3,0.0013,3,0.0014,1005,-25.2564,998,-24.3638,1,-0.1107,5150,11.9046,,0.0000,,100.0000,0,0.0000,0,0.0000,0,0.0000,0,0.0000,0,0.0000,0,0.0000,0.000000,0.000000,0.00,0.00
2026-05-30T15:18:43-0300,1780165123,991,-25.0588,1021,-25.3486,3,0.0010,3,0.0014,1003,-25.2596,997,-24.3651,0,-0.1661,5149,11.9027,,0.0000,,100.0000,0,0.0000,0,0.0000,0,0.0000,0,0.0000,0,0.0000,0,0.0000,0.000000,0.000000,0.00,0.00
2026-05-30T15:18:43-0300,1780165123,990,-25.0604,1021,-25.3493,3,0.0010,3,0.0014,1004,-25.2586,997,-24.3654,1,-0.1217,5150,11.9042,,0.0000,,100.0000,0,0.0000,0,0.0000,0,0.0000,0,0.0000,0,0.0000,0,0.0000,0.000000,0.000000,0.00,0.00
2026-05-30T15:18:43-0300,1780165123,990,-25.0607,1021,-25.3494,3,0.0009,3,0.0014,1004,-25.2584,998,-24.3638,1,-0.1128,5150,11.9045,,0.0000,,100.0000,0,0.0000,0,0.0000,0,0.0000,0,0.0000,0,0.0000,0,0.0000,0.000000,0.000000,0.00,0.00
2026-05-30T15:18:43-0300,1780165123,990,-25.0608,1021,-25.3495,3,0.0009,3,0.0014,1003,-25.2600,996,-24.3667,1,-0.1111,5150,11.9046,,0.0000,,100.0000,0,0.0000,0,0.0000,0,0.0000,0,0.0000,0,0.0000,0,0.0000,0.000000,0.000000,0.00,0.00
2026-05-30T15:18:43-0300,1780165123,990,-25.0608,1021,-25.3495,4,0.0028,3,0.0014,1003,-25.2603,996,-24.3673,1,-0.1107,5150,11.9046,,0.0000,,100.0000,0,0.0000,0,0.0000,0,0.0000,0,0.0000,0,0.0000,0,0.0000,0.000000,0.000000,0.00,0.00
2026-05-30T15:18:43-0300,1780165123,989,-25.0625,1020,-25.3511,3,0.0013,3,0.0014,1003,-25.2604,996,-24.3674,0,-0.1661,5150,11.9046,,0.0000,,100.0000,0,0.0000,0,0.0000,0,0.0000,0,0.0000,0,0.0000,0,0.0000,0.000000,0.000000,0.00,0.00
2026-05-30T15:18:43-0300,1780165123,989,-25.0628,1020,-25.3515,3,0.0010,3,0.0014,1003,-25.2604,996,-24.3675,1,-0.1217,5150,11.9046,,0.0000,,100.0000,0,0.0000,0,0.0000,0,0.0000,0,0.0000,0,0.0000,0,0.0000,0.000000,0.000000,0.00,0.00
2026-05-30T15:18:43-0300,1780165123,989,-25.0629,1020,-25.3515,3,0.0010,3,0.0014,1003,-25.2604,996,-24.3675,1,-0.1128,5150,11.9046,,0.0000,,100.0000,0,0.0000,0,0.0000,0,0.0000,0,0.0000,0,0.0000,0,0.0000,0.000000,0.000000,0.00,0.00
2026-05-30T15:18:43-0300,1780165123,989,-25.0629,1019,-25.3532,4,0.0028,3,0.0014,1002,-25.2621,996,-24.3675,0,-0.1665,5150,11.9046,,0.0000,,100.0000,0,0.0000,0,0.0000,0,0.0000,0,0.0000,0,0.0000,0,0.0000,0.000000,0.000000,0.00,0.00
2026-05-30T15:18:43-0300,1780165123,989,-25.0629,1019,-25.3536,3,0.0013,3,0.0014,1002,-25.2624,996,-24.3675,1,-0.1218,5151,11.9064,,0.0000,,100.0000,0,0.0000,0,0.0000,0,0.0000,0,0.0000,0,0.0000,0,0.0000,0.000000,0.000000,0.00,0.00
2026-05-30T15:18:43-0300,1780165123,989,-25.0629,1018,-25.3553,4,0.0029,3,0.0014,1002,-25.2625,995,-24.3691,1,-0.1128,5150,11.9050,,0.0000,,100.0000,0,0.0000,0,0.0000,0,0.0000,0,0.0000,0,0.0000,0,0.0000,0.000000,0.000000,0.00,0.00
2026-05-30T15:18:43-0300,1780165123,988,-25.0645,1018,-25.3556,3,0.0013,3,0.0014,1002,-25.2625,995,-24.3694,0,-0.1665,5150,11.9047,,0.0000,,100.0000,0,0.0000,0,0.0000,0,0.0000,0,0.0000,0,0.0000,0,0.0000,0.000000,0.000000,0.00,0.00
2026-05-30T15:18:43-0300,1780165123,987,-25.0665,1018,-25.3557,3,0.0010,3,0.0014,1002,-25.2625,994,-24.3711,1,-0.1218,5150,11.9046,,0.0000,,100.0000,0,0.0000,0,0.0000,0,0.0000,0,0.0000,0,0.0000,0,0.0000,0.000000,0.000000,0.00,0.00
2026-05-30T15:18:43-0300,1780165123,988,-25.0652,1017,-25.3574,3,0.0010,3,0.0014,1001,-25.2641,995,-24.3698,1,-0.1128,5151,11.9064,,0.0000,,100.0000,0,0.0000,0,0.0000,0,0.0000,0,0.0000,0,0.0000,0,0.0000,0.000000,0.000000,0.00,0.00
2026-05-30T15:18:43-0300,1780165123,988,-25.0650,1017,-25.3577,4,0.0028,3,0.0014,1001,-25.2645,994,-24.3712,1,-0.1111,5150,11.9050,,0.0000,,100.0000,0,0.0000,0,0.0000,0,0.0000,0,0.0000,0,0.0000,0,0.0000,0.000000,0.000000,0.00,0.00
2026-05-30T15:18:43-0300,1780165123,987,-25.0666,1016,-25.3594,3,0.0013,3,0.0014,1001,-25.2645,994,-24.3714,0,-0.1662,5151,11.9065,,0.0000,,100.0000,0,0.0000,0,0.0000,0,0.0000,0,0.0000,0,0.0000,0,0.0000,0.000000,0.000000,0.00,0.00
2026-05-30T15:18:44-0300,1780165124,988,-25.0653,1016,-25.3598,3,0.0010,3,0.0014,1001,-25.2645,994,-24.3715,1,-0.1217,5150,11.9050,,0.0000,,100.0000,0,0.0000,0,0.0000,0,0.0000,0,0.0000,0,0.0000,0,0.0000,0.000000,0.000000,0.00,0.00
2026-05-30T15:18:44-0300,1780165124,988,-25.0650,1015,-25.3615,3,0.0010,3,0.0014,1001,-25.2645,994,-24.3715,0,-0.1683,5150,11.9047,,0.0000,,100.0000,0,0.0000,0,0.0000,0,0.0000,0,0.0000,0,0.0000,0,0.0000,0.000000,0.000000,0.00,0.00
2026-05-30T15:18:44-0300,1780165124,987,-25.0666,1015,-25.3619,3,0.0009,4,0.0033,1001,-25.2645,994,-24.3715,0,-0.1776,5150,11.9046,,0.0000,,100.0000,0,0.0000,0,0.0000,0,0.0000,0,0.0000,0,0.0000,0,0.0000,0.000000,0.000000,0.00,0.00
2026-05-30T15:18:44-0300,1780165124,987,-25.0669,1015,-25.3619,3,0.0009,3,0.0018,1001,-25.2645,993,-24.3731,0,-0.1795,5151,11.9064,,0.0000,,100.0000,0,0.0000,0,0.0000,0,0.0000,0,0.0000,0,0.0000,0,0.0000,0.000000,0.000000,0.00,0.00
2026-05-30T15:18:44-0300,1780165124,986,-25.0686,1015,-25.3619,4,0.0028,3,0.0015,1001,-25.2645,993,-24.3735,1,-0.1244,5151,11.9068,,0.0000,,100.0000,0,0.0000,0,0.0000,0,0.0000,0,0.0000,0,0.0000,0,0.0000,0.000000,0.000000,0.00,0.00
2026-05-30T15:18:44-0300,1780165124,986,-25.0690,1015,-25.3619,3,0.0013,3,0.0014,1000,-25.2662,993,-24.3735,1,-0.1134,5150,11.9050,,0.0000,,100.0000,0,0.0000,0,0.0000,0,0.0000,0,0.0000,0,0.0000,0,0.0000,0.000000,0.000000,0.00,0.00
2026-05-30T15:18:44-0300,1780165124,986,-25.0690,1014,-25.3636,3,0.0010,3,0.0014,999,-25.2682,993,-24.3735,1,-0.1112,5150,11.9047,,0.0000,,100.0000,0,0.0000,0,0.0000,0,0.0000,0,0.0000,0,0.0000,0,0.0000,0.000000,0.000000,0.00,0.00
2026-05-30T15:18:44-0300,1780165124,985,-25.0707,1015,-25.3623,3,0.0010,3,0.0014,999,-25.2686,993,-24.3735,1,-0.1107,5150,11.9046,,0.0000,,100.0000,0,0.0000,0,0.0000,0,0.0000,0,0.0000,0,0.0000,0,0.0000,0.000000,0.000000,0.00,0.00
2026-05-30T15:18:44-0300,1780165124,986,-25.0694,1014,-25.3637,3,0.0009,4,0.0033,1000,-25.2670,993,-24.3735,0,-0.1661,5150,11.9046,,0.0000,,100.0000,0,0.0000,0,0.0000,0,0.0000,0,0.0000,0,0.0000,0,0.0000,0.000000,0.000000,0.00,0.00
2026-05-30T15:18:44-0300,1780165124,985,-25.0708,1013,-25.3656,3,0.0009,3,0.0018,1000,-25.2667,993,-24.3735,1,-0.1217,5150,11.9046,,0.0000,,100.0000,0,0.0000,0,0.0000,0,0.0000,0,0.0000,0,0.0000,0,0.0000,0.000000,0.000000,0.00,0.00
2026-05-30T15:18:44-0300,1780165124,986,-25.0694,1013,-25.3660,3,0.0009,3,0.0015,1000,-25.2666,993,-24.3735,1,-0.1128,5150,11.9046,,0.0000,,100.0000,0,0.0000,0,0.0000,0,0.0000,0,0.0000,0,0.0000,0,0.0000,0.000000,0.000000,0.00,0.00
2026-05-30T15:18:44-0300,1780165124,985,-25.0708,1013,-25.3661,3,0.0009,3,0.0014,999,-25.2683,992,-24.3752,1,-0.1111,5150,11.9046,,0.0000,,100.0000,0,0.0000,0,0.0000,0,0.0000,0,0.0000,0,0.0000,0,0.0000,0.000000,0.000000,0.00,0.00
2026-05-30T15:18:44-0300,1780165124,985,-25.0710,1012,-25.3678,3,0.0009,3,0.0014,999,-25.2686,992,-24.3755,0,-0.1662,5150,11.9046,,0.0000,,100.0000,0,0.0000,0,0.0000,0,0.0000,0,0.0000,0,0.0000,0,0.0000,0.000000,0.000000,0.00,0.00
2026-05-30T15:18:44-0300,1780165124,985,-25.0711,1012,-25.3681,3,0.0009,3,0.0014,998,-25.2703,992,-24.3755,1,-0.1217,5150,11.9046,,0.0000,,100.0000,0,0.0000,0,0.0000,0,0.0000,0,0.0000,0,0.0000,0,0.0000,0.000000,0.000000,0.00,0.00
2026-05-30T15:18:44-0300,1780165124,985,-25.0711,1012,-25.3682,3,0.0009,3,0.0014,998,-25.2706,991,-24.3772,1,-0.1128,5151,11.9064,,0.0000,,100.0000,0,0.0000,0,0.0000,0,0.0000,0,0.0000,0,0.0000,0,0.0000,0.000000,0.000000,0.00,0.00
2026-05-30T15:18:44-0300,1780165124,984,-25.0728,1012,-25.3682,3,0.0009,3,0.0014,998,-25.2707,992,-24.3759,1,-0.1111,5150,11.9050,,0.0000,,100.0000,0,0.0000,0,0.0000,0,0.0000,0,0.0000,0,0.0000,0,0.0000,0.000000,0.000000,0.00,0.00
2026-05-30T15:18:44-0300,1780165124,985,-25.0714,1012,-25.3682,3,0.0009,3,0.0014,998,-25.2707,991,-24.3772,0,-0.1662,5151,11.9065,,0.0000,,100.0000,0,0.0000,0,0.0000,0,0.0000,0,0.0000,0,0.0000,0,0.0000,0.000000,0.000000,0.00,0.00
2026-05-30T15:18:45-0300,1780165125,985,-25.0712,1012,-25.3682,4,0.0028,3,0.0014,998,-25.2707,991,-24.3775,0,-0.1772,5150,11.9050,,0.0000,,100.0000,0,0.0000,0,0.0000,0,0.0000,0,0.0000,0,0.0000,0,0.0000,0.000000,0.000000,0.00,0.00
2026-05-30T15:18:45-0300,1780165125,983,-25.0744,1011,-25.3698,4,0.0032,3,0.0014,998,-25.2707,991,-24.3776,1,-0.1239,5151,11.9065,,0.0000,,100.0000,0,0.0000,0,0.0000,0,0.0000,0,0.0000,0,0.0000,0,0.0000,0.000000,0.000000,0.00,0.00
2026-05-30T15:18:45-0300,1780165125,984,-25.0734,1011,-25.3702,3,0.0014,3,0.0014,998,-25.2707,991,-24.3776,1,-0.1133,5150,11.9050,,0.0000,,100.0000,0,0.0000,0,0.0000,0,0.0000,0,0.0000,0,0.0000,0,0.0000,0.000000,0.000000,0.00,0.00
2026-05-30T15:18:45-0300,1780165125,984,-25.0732,1010,-25.3719,3,0.0010,3,0.0014,998,-25.2707,990,-24.3792,1,-0.1111,5150,11.9047,,0.0000,,100.0000,0,0.0000,0,0.0000,0,0.0000,0,0.0000,0,0.0000,0,0.0000,0.000000,0.000000,0.00,0.00
2026-05-30T15:18:45-0300,1780165125,983,-25.0748,1009,-25.3739,3,0.0010,3,0.0014,998,-25.2707,991,-24.3779,1,-0.1107,5150,11.9046,,0.0000,,100.0000,0,0.0000,0,0.0000,0,0.0000,0,0.0000,0,0.0000,0,0.0000,0.000000,0.000000,0.00,0.00
2026-05-30T15:18:45-0300,1780165125,983,-25.0752,1010,-25.3727,3,0.0009,3,0.0014,997,-25.2724,990,-24.3793,0,-0.1661,5149,11.9027,,0.0000,,100.0000,0,0.0000,0,0.0000,0,0.0000,0,0.0000,0,0.0000,0,0.0000,0.000000,0.000000,0.00,0.00
2026-05-30T15:18:45-0300,1780165125,983,-25.0752,1010,-25.3724,3,0.0009,3,0.0014,997,-25.2727,990,-24.3795,1,-0.1217,5150,11.9042,,0.0000,,100.0000,0,0.0000,0,0.0000,0,0.0000,0,0.0000,0,0.0000,0,0.0000,0.000000,0.000000,0.00,0.00
2026-05-30T15:18:45-0300,1780165125,983,-25.0752,1009,-25.3740,3,0.0009,3,0.0014,997,-25.2728,990,-24.3796,1,-0.1128,5150,11.9045,,0.0000,,100.0000,0,0.0000,0,0.0000,0,0.0000,0,0.0000,0,0.0000,0,0.0000,0.000000,0.000000,0.00,0.00
2026-05-30T15:18:45-0300,1780165125,982,-25.0769,1009,-25.3743,3,0.0009,3,0.0014,996,-25.2744,990,-24.3796,1,-0.1111,5150,11.9046,,0.0000,,100.0000,0,0.0000,0,0.0000,0,0.0000,0,0.0000,0,0.0000,0,0.0000,0.000000,0.000000,0.00,0.00
2026-05-30T15:18:45-0300,1780165125,983,-25.0756,1009,-25.3744,3,0.0009,3,0.0014,996,-25.2748,990,-24.3796,1,-0.1107,5151,11.9064,,0.0000,,100.0000,0,0.0000,0,0.0000,0,0.0000,0,0.0000,0,0.0000,0,0.0000,0.000000,0.000000,0.00,0.00
2026-05-30T15:18:45-0300,1780165125,983,-25.0753,1009,-25.3744,3,0.0009,3,0.0014,997,-25.2732,990,-24.3796,1,-0.1106,5150,11.9050,,0.0000,,100.0000,0,0.0000,0,0.0000,0,0.0000,0,0.0000,0,0.0000,0,0.0000,0.000000,0.000000,0.00,0.00
2026-05-30T15:18:45-0300,1780165125,982,-25.0769,1008,-25.3761,3,0.0009,3,0.0014,996,-25.2745,989,-24.3812,0,-0.1661,5150,11.9047,,0.0000,,100.0000,0,0.0000,0,0.0000,0,0.0000,0,0.0000,0,0.0000,0,0.0000,0.000000,0.000000,0.00,0.00
2026-05-30T15:18:45-0300,1780165125,982,-25.0772,1008,-25.3764,3,0.0009,3,0.0014,996,-25.2748,989,-24.3815,1,-0.1217,5150,11.9046,,0.0000,,100.0000,0,0.0000,0,0.0000,0,0.0000,0,0.0000,0,0.0000,0,0.0000,0.000000,0.000000,0.00,0.00
2026-05-30T15:18:45-0300,1780165125,982,-25.0773,1009,-25.3748,4,0.0028,3,0.0014,997,-25.2732,989,-24.3816,1,-0.1128,5151,11.9064,,0.0000,,100.0000,0,0.0000,0,0.0000,0,0.0000,0,0.0000,0,0.0000,0,0.0000,0.000000,0.000000,0.00,0.00
2026-05-30T15:18:45-0300,1780165125,982,-25.0773,1008,-25.3762,3,0.0013,3,0.0014,996,-25.2745,989,-24.3816,1,-0.1111,5150,11.9050,,0.0000,,100.0000,0,0.0000,0,0.0000,0,0.0000,0,0.0000,0,0.0000,0,0.0000,0.000000,0.000000,0.00,0.00
2026-05-30T15:18:45-0300,1780165125,981,-25.0789,1008,-25.3764,3,0.0010,3,0.0014,997,-25.2731,989,-24.3816,1,-0.1107,5150,11.9047,,0.0000,,100.0000,0,0.0000,0,0.0000,0,0.0000,0,0.0000,0,0.0000,0,0.0000,0.000000,0.000000,0.00,0.00
2026-05-30T15:18:46-0300,1780165126,981,-25.0793,1007,-25.3781,3,0.0010,3,0.0014,996,-25.2745,988,-24.3832,1,-0.1106,5150,11.9046,,0.0000,,100.0000,0,0.0000,0,0.0000,0,0.0000,0,0.0000,0,0.0000,0,0.0000,0.000000,0.000000,0.00,0.00
2026-05-30T15:18:46-0300,1780165126,981,-25.0793,1007,-25.3785,3,0.0009,3,0.0014,996,-25.2748,988,-24.3836,0,-0.1661,5150,11.9046,,0.0000,,100.0000,0,0.0000,0,0.0000,0,0.0000,0,0.0000,0,0.0000,0,0.0000,0.000000,0.000000,0.00,0.00
2026-05-30T15:18:46-0300,1780165126,981,-25.0794,1007,-25.3786,3,0.0009,4,0.0033,996,-25.2748,989,-24.3820,1,-0.1217,5150,11.9046,,0.0000,,100.0000,0,0.0000,0,0.0000,0,0.0000,0,0.0000,0,0.0000,0,0.0000,0.000000,0.000000,0.00,0.00
2026-05-30T15:18:46-0300,1780165126,981,-25.0794,1007,-25.3786,4,0.0028,3,0.0018,995,-25.2765,989,-24.3817,0,-0.1683,5150,11.9046,,0.0000,,100.0000,0,0.0000,0,0.0000,0,0.0000,0,0.0000,0,0.0000,0,0.0000,0.000000,0.000000,0.00,0.00
2026-05-30T15:18:46-0300,1780165126,980,-25.0810,1006,-25.3802,3,0.0013,4,0.0033,995,-25.2768,988,-24.3833,1,-0.1221,5150,11.9046,,0.0000,,100.0000,0,0.0000,0,0.0000,0,0.0000,0,0.0000,0,0.0000,0,0.0000,0.000000,0.000000,0.00,0.00
2026-05-30T15:18:46-0300,1780165126,980,-25.0813,1006,-25.3806,3,0.0010,3,0.0018,996,-25.2752,988,-24.3836,1,-0.1129,5150,11.9046,,0.0000,,100.0000,0,0.0000,0,0.0000,0,0.0000,0,0.0000,0,0.0000,0,0.0000,0.000000,0.000000,0.00,0.00
2026-05-30T15:18:46-0300,1780165126,980,-25.0814,1006,-25.3806,3,0.0010,3,0.0015,995,-25.2766,988,-24.3836,0,-0.1665,5150,11.9046,,0.0000,,100.0000,0,0.0000,0,0.0000,0,0.0000,0,0.0000,0,0.0000,0,0.0000,0.000000,0.000000,0.00,0.00
2026-05-30T15:18:46-0300,1780165126,981,-25.0798,1006,-25.3806,3,0.0009,3,0.0014,995,-25.2768,989,-24.3820,0,-0.1773,5150,11.9046,,0.0000,,100.0000,0,0.0000,0,0.0000,0,0.0000,0,0.0000,0,0.0000,0,0.0000,0.000000,0.000000,0.00,0.00
2026-05-30T15:18:46-0300,1780165126,979,-25.0827,1006,-25.3807,3,0.0009,3,0.0014,995,-25.2769,988,-24.3833,1,-0.1239,5150,11.9046,,0.0000,,100.0000,0,0.0000,0,0.0000,0,0.0000,0,0.0000,0,0.0000,0,0.0000,0.000000,0.000000,0.00,0.00
2026-05-30T15:18:46-0300,1780165126,980,-25.0817,1006,-25.3807,3,0.0009,3,0.0014,995,-25.2769,988,-24.3836,1,-0.1133,5150,11.9046,,0.0000,,100.0000,0,0.0000,0,0.0000,0,0.0000,0,0.0000,0,0.0000,0,0.0000,0.000000,0.000000,0.00,0.00
2026-05-30T15:18:46-0300,1780165126,979,-25.0831,1005,-25.3823,3,0.0009,3,0.0014,994,-25.2785,988,-24.3836,0,-0.1666,5150,11.9046,,0.0000,,100.0000,0,0.0000,0,0.0000,0,0.0000,0,0.0000,0,0.0000,0,0.0000,0.000000,0.000000,0.00,0.00
2026-05-30T15:18:46-0300,1780165126,980,-25.0818,1005,-25.3826,4,0.0028,3,0.0014,995,-25.2772,987,-24.3853,1,-0.1218,5150,11.9046,,0.0000,,100.0000,0,0.0000,0,0.0000,0,0.0000,0,0.0000,0,0.0000,0,0.0000,0.000000,0.000000,0.00,0.00
2026-05-30T15:18:46-0300,1780165126,979,-25.0831,1005,-25.3827,3,0.0013,3,0.0014,995,-25.2770,988,-24.3840,1,-0.1129,5151,11.9064,,0.0000,,100.0000,0,0.0000,0,0.0000,0,0.0000,0,0.0000,0,0.0000,0,0.0000,0.000000,0.000000,0.00,0.00
2026-05-30T15:18:46-0300,1780165126,979,-25.0834,1005,-25.3827,3,0.0010,3,0.0014,994,-25.2786,987,-24.3853,1,-0.1111,5151,11.9068,,0.0000,,100.0000,0,0.0000,0,0.0000,0,0.0000,0,0.0000,0,0.0000,0,0.0000,0.000000,0.000000,0.00,0.00
2026-05-30T15:18:46-0300,1780165126,979,-25.0835,1005,-25.3827,3,0.0010,3,0.0014,994,-25.2789,987,-24.3856,1,-0.1107,5151,11.9069,,0.0000,,100.0000,0,0.0000,0,0.0000,0,0.0000,0,0.0000,0,0.0000,0,0.0000,0.000000,0.000000,0.00,0.00
2026-05-30T15:18:46-0300,1780165126,979,-25.0835,1004,-25.3844,3,0.0009,3,0.0014,994,-25.2789,987,-24.3857,0,-0.1661,5150,11.9051,,0.0000,,100.0000,0,0.0000,0,0.0000,0,0.0000,0,0.0000,0,0.0000,0,0.0000,0.000000,0.000000,0.00,0.00
2026-05-30T15:18:46-0300,1780165126,979,-25.0835,1002,-25.3880,3,0.0009,3,0.0014,994,-25.2790,987,-24.3857,0,-0.1772,5150,11.9047,,0.0000,,100.0000,0,0.0000,0,0.0000,0,0.0000,0,0.0000,0,0.0000,0,0.0000,0.000000,0.000000,0.00,0.00
2026-05-30T15:18:47-0300,1780165127,979,-25.0835,1003,-25.3871,3,0.0009,3,0.0014,994,-25.2790,987,-24.3857,0,-0.1794,5150,11.9046,,0.0000,,100.0000,0,0.0000,0,0.0000,0,0.0000,0,0.0000,0,0.0000,0,0.0000,0.000000,0.000000,0.00,0.00
2026-05-30T15:18:47-0300,1780165127,978,-25.0851,1003,-25.3869,4,0.0028,3,0.0014,993,-25.2806,987,-24.3857,0,-0.1798,5150,11.9046,,0.0000,,100.0000,0,0.0000,0,0.0000,0,0.0000,0,0.0000,0,0.0000,0,0.0000,0.000000,0.000000,0.00,0.00
2026-05-30T15:18:47-0300,1780165127,979,-25.0838,1003,-25.3869,3,0.0013,3,0.0014,993,-25.2809,986,-24.3873,1,-0.1245,5151,11.9064,,0.0000,,100.0000,0,0.0000,0,0.0000,0,0.0000,0,0.0000,0,0.0000,0,0.0000,0.000000,0.000000,0.00,0.00
2026-05-30T15:18:47-0300,1780165127,978,-25.0852,1003,-25.3869,3,0.0010,3,0.0014,994,-25.2794,987,-24.3860,1,-0.1134,5150,11.9050,,0.0000,,100.0000,0,0.0000,0,0.0000,0,0.0000,0,0.0000,0,0.0000,0,0.0000,0.000000,0.000000,0.00,0.00
2026-05-30T15:18:47-0300,1780165127,979,-25.0838,1003,-25.3869,3,0.0010,3,0.0014,993,-25.2807,986,-24.3874,1,-0.1112,5150,11.9047,,0.0000,,100.0000,0,0.0000,0,0.0000,0,0.0000,0,0.0000,0,0.0000,0,0.0000,0.000000,0.000000,0.00,0.00
2026-05-30T15:18:47-0300,1780165127,978,-25.0852,1002,-25.3885,3,0.0009,3,0.0014,993,-25.2810,986,-24.3876,0,-0.1662,5150,11.9046,,0.0000,,100.0000,0,0.0000,0,0.0000,0,0.0000,0,0.0000,0,0.0000,0,0.0000,0.000000,0.000000,0.00,0.00
2026-05-30T15:18:47-0300,1780165127,978,-25.0855,1002,-25.3889,3,0.0009,4,0.0033,993,-25.2810,986,-24.3877,1,-0.1217,5151,11.9064,,0.0000,,100.0000,0,0.0000,0,0.0000,0,0.0000,0,0.0000,0,0.0000,0,0.0000,0.000000,0.000000,0.00,0.00
2026-05-30T15:18:47-0300,1780165127,977,-25.0872,1002,-25.3889,3,0.0009,3,0.0018,993,-25.2810,986,-24.3877,0,-0.1683,5150,11.9050,,0.0000,,100.0000,0,0.0000,0,0.0000,0,0.0000,0,0.0000,0,0.0000,0,0.0000,0.000000,0.000000,0.00,0.00
2026-05-30T15:18:47-0300,1780165127,978,-25.0859,1001,-25.3906,3,0.0009,3,0.0015,993,-25.2810,986,-24.3877,0,-0.1776,5150,11.9047,,0.0000,,100.0000,0,0.0000,0,0.0000,0,0.0000,0,0.0000,0,0.0000,0,0.0000,0.000000,0.000000,0.00,0.00
2026-05-30T15:18:47-0300,1780165127,978,-25.0856,1002,-25.3893,3,0.0009,2,-0.0004,992,-25.2827,986,-24.3877,1,-0.1240,5150,11.9046,,0.0000,,100.0000,0,0.0000,0,0.0000,0,0.0000,0,0.0000,0,0.0000,0,0.0000,0.000000,0.000000,0.00,0.00
2026-05-30T15:18:47-0300,1780165127,978,-25.0855,1002,-25.3890,3,0.0009,3,0.0010,992,-25.2830,986,-24.3877,1,-0.1133,5151,11.9064,,0.0000,,100.0000,0,0.0000,0,0.0000,0,0.0000,0,0.0000,0,0.0000,0,0.0000,0.000000,0.000000,0.00,0.00
2026-05-30T15:18:47-0300,1780165127,978,-25.0855,1001,-25.3906,3,0.0009,3,0.0013,993,-25.2814,986,-24.3877,1,-0.1111,5151,11.9068,,0.0000,,100.0000,0,0.0000,0,0.0000,0,0.0000,0,0.0000,0,0.0000,0,0.0000,0.000000,0.000000,0.00,0.00
2026-05-30T15:18:47-0300,1780165127,977,-25.0872,1001,-25.3910,3,0.0009,3,0.0014,993,-25.2811,986,-24.3877,0,-0.1662,5151,11.9069,,0.0000,,100.0000,0,0.0000,0,0.0000,0,0.0000,0,0.0000,0,0.0000,0,0.0000,0.000000,0.000000,0.00,0.00
2026-05-30T15:18:47-0300,1780165127,977,-25.0875,1001,-25.3910,3,0.0009,3,0.0014,992,-25.2827,986,-24.3877,1,-0.1217,5150,11.9051,,0.0000,,100.0000,0,0.0000,0,0.0000,0,0.0000,0,0.0000,0,0.0000,0,0.0000,0.000000,0.000000,0.00,0.00
2026-05-30T15:18:47-0300,1780165127,978,-25.0859,1001,-25.3910,4,0.0028,3,0.0014,992,-25.2830,986,-24.3877,1,-0.1128,5150,11.9047,,0.0000,,100.0000,0,0.0000,0,0.0000,0,0.0000,0,0.0000,0,0.0000,0,0.0000,0.000000,0.000000,0.00,0.00
2026-05-30T15:18:47-0300,1780165127,977,-25.0873,1001,-25.3910,3,0.0013,3,0.0014,993,-25.2814,985,-24.3893,1,-0.1111,5150,11.9046,,0.0000,,100.0000,0,0.0000,0,0.0000,0,0.0000,0,0.0000,0,0.0000,0,0.0000,0.000000,0.000000,0.00,0.00
2026-05-30T15:18:47-0300,1780165127,977,-25.0875,1001,-25.3910,3,0.0010,3,0.0014,992,-25.2827,985,-24.3896,0,-0.1662,5150,11.9046,,0.0000,,100.0000,0,0.0000,0,0.0000,0,0.0000,0,0.0000,0,0.0000,0,0.0000,0.000000,0.000000,0.00,0.00
2026-05-30T15:18:48-0300,1780165128,977,-25.0876,1000,-25.3927,3,0.0010,3,0.0014,992,-25.2830,986,-24.3881,1,-0.1217,5150,11.9046,,0.0000,,100.0000,0,0.0000,0,0.0000,0,0.0000,0,0.0000,0,0.0000,0,0.0000,0.000000,0.000000,0.00,0.00
2026-05-30T15:18:48-0300,1780165128,976,-25.0892,1000,-25.3930,3,0.0009,3,0.0014,992,-25.2831,985,-24.3894,0,-0.1683,5150,11.9046,,0.0000,,100.0000,0,0.0000,0,0.0000,0,0.0000,0,0.0000,0,0.0000,0,0.0000,0.000000,0.000000,0.00,0.00
2026-05-30T15:18:48-0300,1780165128,977,-25.0879,1001,-25.3914,3,0.0009,2,-0.0004,993,-25.2814,985,-24.3897,1,-0.1222,5151,11.9064,,0.0000,,100.0000,0,0.0000,0,0.0000,0,0.0000,0,0.0000,0,0.0000,0,0.0000,0.000000,0.000000,0.00,0.00
2026-05-30T15:18:48-0300,1780165128,977,-25.0877,1000,-25.3928,3,0.0009,3,0.0010,992,-25.2827,985,-24.3897,1,-0.1129,5151,11.9068,,0.0000,,100.0000,0,0.0000,0,0.0000,0,0.0000,0,0.0000,0,0.0000,0,0.0000,0.000000,0.000000,0.00,0.00
2026-05-30T15:18:48-0300,1780165128,977,-25.0876,1000,-25.3931,3,0.0009,3,0.0013,992,-25.2830,984,-24.3913,0,-0.1665,5150,11.9050,,0.0000,,100.0000,0,0.0000,0,0.0000,0,0.0000,0,0.0000,0,0.0000,0,0.0000,0.000000,0.000000,0.00,0.00
2026-05-30T15:18:48-0300,1780165128,977,-25.0876,999,-25.3948,4,0.0028,3,0.0014,992,-25.2831,985,-24.3900,0,-0.1773,5150,11.9047,,0.0000,,100.0000,0,0.0000,0,0.0000,0,0.0000,0,0.0000,0,0.0000,0,0.0000,0.000000,0.000000,0.00,0.00
2026-05-30T15:18:48-0300,1780165128,977,-25.0876,1000,-25.3935,3,0.0013,3,0.0014,992,-25.2831,985,-24.3898,1,-0.1239,5150,11.9046,,0.0000,,100.0000,0,0.0000,0,0.0000,0,0.0000,0,0.0000,0,0.0000,0,0.0000,0.000000,0.000000,0.00,0.00
2026-05-30T15:18:48-0300,1780165128,976,-25.0892,999,-25.3948,3,0.0010,3,0.0014,991,-25.2847,984,-24.3914,1,-0.1133,5150,11.9046,,0.0000,,100.0000,0,0.0000,0,0.0000,0,0.0000,0,0.0000,0,0.0000,0,0.0000,0.000000,0.000000,0.00,0.00
2026-05-30T15:18:48-0300,1780165128,976,-25.0896,999,-25.3951,3,0.0010,3,0.0014,992,-25.2834,984,-24.3917,0,-0.1666,5150,11.9046,,0.0000,,100.0000,0,0.0000,0,0.0000,0,0.0000,0,0.0000,0,0.0000,0,0.0000,0.000000,0.000000,0.00,0.00
2026-05-30T15:18:48-0300,1780165128,975,-25.0913,999,-25.3952,3,0.0009,3,0.0014,990,-25.2864,985,-24.3901,0,-0.1773,5150,11.9046,,0.0000,,100.0000,0,0.0000,0,0.0000,0,0.0000,0,0.0000,0,0.0000,0,0.0000,0.000000,0.000000,0.00,0.00
2026-05-30T15:18:48-0300,1780165128,976,-25.0900,999,-25.3952,3,0.0009,3,0.0014,991,-25.2854,984,-24.3914,1,-0.1239,5150,11.9046,,0.0000,,100.0000,0,0.0000,0,0.0000,0,0.0000,0,0.0000,0,0.0000,0,0.0000,0.000000,0.000000,0.00,0.00
2026-05-30T15:18:48-0300,1780165128,975,-25.0914,999,-25.3952,3,0.0009,3,0.0014,991,-25.2852,984,-24.3917,0,-0.1688,5150,11.9046,,0.0000,,100.0000,0,0.0000,0,0.0000,0,0.0000,0,0.0000,0,0.0000,0,0.0000,0.000000,0.000000,0.00,0.00
2026-05-30T15:18:48-0300,1780165128,976,-25.0900,998,-25.3969,4,0.0028,3,0.0014,991,-25.2851,984,-24.3917,0,-0.1777,5151,11.9064,,0.0000,,100.0000,0,0.0000,0,0.0000,0,0.0000,0,0.0000,0,0.0000,0,0.0000,0.000000,0.000000,0.00,0.00
2026-05-30T15:18:48-0300,1780165128,976,-25.0897,999,-25.3955,3,0.0013,3,0.0014,991,-25.2851,984,-24.3917,0,-0.1795,5150,11.9050,,0.0000,,100.0000,0,0.0000,0,0.0000,0,0.0000,0,0.0000,0,0.0000,0,0.0000,0.000000,0.000000,0.00,0.00
2026-05-30T15:18:48-0300,1780165128,976,-25.0897,997,-25.3986,3,0.0010,3,0.0014,991,-25.2851,984,-24.3917,1,-0.1244,5150,11.9047,,0.0000,,100.0000,0,0.0000,0,0.0000,0,0.0000,0,0.0000,0,0.0000,0,0.0000,0.000000,0.000000,0.00,0.00
2026-05-30T15:18:49-0300,1780165129,976,-25.0897,998,-25.3975,3,0.0010,3,0.0014,991,-25.2851,984,-24.3917,0,-0.1688,5150,11.9046,,0.0000,,100.0000,0,0.0000,0,0.0000,0,0.0000,0,0.0000,0,0.0000,0,0.0000,0.000000,0.000000,0.00,0.00
2026-05-30T15:18:49-0300,1780165129,976,-25.0897,998,-25.3973,3,0.0009,3,0.0014,991,-25.2851,984,-24.3917,1,-0.1223,5150,11.9046,,0.0000,,100.0000,0,0.0000,0,0.0000,0,0.0000,0,0.0000,0,0.0000,0,0.0000,0.000000,0.000000,0.00,0.00
2026-05-30T15:18:49-0300,1780165129,975,-25.0913,998,-25.3973,3,0.0009,3,0.0014,991,-25.2851,984,-24.3917,1,-0.1129,5150,11.9046,,0.0000,,100.0000,0,0.0000,0,0.0000,0,0.0000,0,0.0000,0,0.0000,0,0.0000,0.000000,0.000000,0.00,0.00
2026-05-30T15:18:49-0300,1780165129,975,-25.0916,998,-25.3973,3,0.0009,4,0.0033,991,-25.2851,984,-24.3917,1,-0.1111,5151,11.9064,,0.0000,,100.0000,0,0.0000,0,0.0000,0,0.0000,0,0.0000,0,0.0000,0,0.0000,0.000000,0.000000,0.00,0.00
2026-05-30T15:18:49-0300,1780165129,975,-25.0917,997,-25.3989,3,0.0009,3,0.0018,990,-25.2868,984,-24.3917,1,-0.1107,5150,11.9050,,0.0000,,100.0000,0,0.0000,0,0.0000,0,0.0000,0,0.0000,0,0.0000,0,0.0000,0.000000,0.000000,0.00,0.00
2026-05-30T15:18:49-0300,1780165129,975,-25.0917,998,-25.3976,3,0.0009,4,0.0033,991,-25.2855,983,-24.3934,0,-0.1661,5151,11.9065,,0.0000,,100.0000,0,0.0000,0,0.0000,0,0.0000,0,0.0000,0,0.0000,0,0.0000,0.000000,0.000000,0.00,0.00
2026-05-30T15:18:49-0300,1780165129,975,-25.0917,997,-25.3990,3,0.0009,3,0.0018,990,-25.2868,983,-24.3937,1,-0.1217,5150,11.9050,,0.0000,,100.0000,0,0.0000,0,0.0000,0,0.0000,0,0.0000,0,0.0000,0,0.0000,0.000000,0.000000,0.00,0.00
2026-05-30T15:18:49-0300,1780165129,975,-25.0917,998,-25.3976,3,0.0009,3,0.0015,990,-25.2871,983,-24.3938,1,-0.1128,5151,11.9065,,0.0000,,100.0000,0,0.0000,0,0.0000,0,0.0000,0,0.0000,0,0.0000,0,0.0000,0.000000,0.000000,0.00,0.00
2026-05-30T15:18:49-0300,1780165129,976,-25.0901,997,-25.3990,3,0.0009,3,0.0014,990,-25.2872,983,-24.3938,1,-0.1111,5151,11.9068,,0.0000,,100.0000,0,0.0000,0,0.0000,0,0.0000,0,0.0000,0,0.0000,0,0.0000,0.000000,0.000000,0.00,0.00
2026-05-30T15:18:49-0300,1780165129,975,-25.0914,996,-25.4009,3,0.0009,4,0.0033,990,-25.2872,983,-24.3938,0,-0.1662,5150,11.9050,,0.0000,,100.0000,0,0.0000,0,0.0000,0,0.0000,0,0.0000,0,0.0000,0,0.0000,0.000000,0.000000,0.00,0.00
2026-05-30T15:18:49-0300,1780165129,974,-25.0933,996,-25.4013,3,0.0009,2,-0.0001,990,-25.2872,984,-24.3922,0,-0.1772,5150,11.9047,,0.0000,,100.0000,0,0.0000,0,0.0000,0,0.0000,0,0.0000,0,0.0000,0,0.0000,0.000000,0.000000,0.00,0.00
2026-05-30T15:18:49-0300,1780165129,974,-25.0937,996,-25.4014,3,0.0009,3,0.0011,990,-25.2872,983,-24.3934,0,-0.1794,5150,11.9046,,0.0000,,100.0000,0,0.0000,0,0.0000,0,0.0000,0,0.0000,0,0.0000,0,0.0000,0.000000,0.000000,0.00,0.00
2026-05-30T15:18:49-0300,1780165129,975,-25.0921,996,-25.4014,3,0.0009,3,0.0013,991,-25.2855,982,-24.3953,0,-0.1798,5151,11.9064,,0.0000,,100.0000,0,0.0000,0,0.0000,0,0.0000,0,0.0000,0,0.0000,0,0.0000,0.000000,0.000000,0.00,0.00
2026-05-30T15:18:49-0300,1780165129,974,-25.0934,996,-25.4014,4,0.0028,3,0.0014,989,-25.2885,983,-24.3941,1,-0.1245,5150,11.9050,,0.0000,,100.0000,0,0.0000,0,0.0000,0,0.0000,0,0.0000,0,0.0000,0,0.0000,0.000000,0.000000,0.00,0.00
2026-05-30T15:18:49-0300,1780165129,975,-25.0921,996,-25.4014,3,0.0013,3,0.0014,990,-25.2875,982,-24.3955,1,-0.1134,5150,11.9047,,0.0000,,100.0000,0,0.0000,0,0.0000,0,0.0000,0,0.0000,0,0.0000,0,0.0000,0.000000,0.000000,0.00,0.00
2026-05-30T15:18:49-0300,1780165129,974,-25.0934,996,-25.4014,3,0.0010,3,0.0014,990,-25.2872,983,-24.3941,1,-0.1112,5150,11.9046,,0.0000,,100.0000,0,0.0000,0,0.0000,0,0.0000,0,0.0000,0,0.0000,0,0.0000,0.000000,0.000000,0.00,0.00
2026-05-30T15:18:49-0300,1780165129,974,-25.0937,996,-25.4014,3,0.0010,3,0.0014,990,-25.2872,983,-24.3938,0,-0.1662,5150,11.9046,,0.0000,,100.0000,0,0.0000,0,0.0000,0,0.0000,0,0.0000,0,0.0000,0,0.0000,0.000000,0.000000,0.00,0.00
2026-05-30T15:18:50-0300,1780165130,973,-25.0954,995,-25.4031,3,0.0009,3,0.0014,989,-25.2888,983,-24.3938,1,-0.1217,5151,11.9064,,0.0000,,100.0000,0,0.0000,0,0.0000,0,0.0000,0,0.0000,0,0.0000,0,0.0000,0.000000,0.000000,0.00,0.00
2026-05-30T15:18:50-0300,1780165130,974,-25.0941,996,-25.4018,3,0.0009,3,0.0014,990,-25.2875,983,-24.3938,1,-0.1128,5150,11.9050,,0.0000,,100.0000,0,0.0000,0,0.0000,0,0.0000,0,0.0000,0,0.0000,0,0.0000,0.000000,0.000000,0.00,0.00
2026-05-30T15:18:50-0300,1780165130,974,-25.0938,996,-25.4015,3,0.0009,3,0.0014,990,-25.2873,983,-24.3938,1,-0.1111,5151,11.9065,,0.0000,,100.0000,0,0.0000,0,0.0000,0,0.0000,0,0.0000,0,0.0000,0,0.0000,0.000000,0.000000,0.00,0.00
2026-05-30T15:18:50-0300,1780165130,973,-25.0954,995,-25.4031,3,0.0009,3,0.0014,990,-25.2872,982,-24.3954,0,-0.1662,5150,11.9050,,0.0000,,100.0000,0,0.0000,0,0.0000,0,0.0000,0,0.0000,0,0.0000,0,0.0000,0.000000,0.000000,0.00,0.00
2026-05-30T15:18:50-0300,1780165130,973,-25.0958,995,-25.4034,3,0.0009,3,0.0014,990,-25.2872,982,-24.3957,1,-0.1217,5151,11.9065,,0.0000,,100.0000,0,0.0000,0,0.0000,0,0.0000,0,0.0000,0,0.0000,0,0.0000,0.000000,0.000000,0.00,0.00
2026-05-30T15:18:50-0300,1780165130,973,-25.0958,995,-25.4035,2,-0.0009,3,0.0014,990,-25.2872,982,-24.3958,1,-0.1128,5150,11.9050,,0.0000,,100.0000,0,0.0000,0,0.0000,0,0.0000,0,0.0000,0,0.0000,0,0.0000,0.000000,0.000000,0.00,0.00
2026-05-30T15:18:50-0300,1780165130,973,-25.0958,995,-25.4035,4,0.0024,3,0.0014,989,-25.2888,982,-24.3958,1,-0.1111,5150,11.9047,,0.0000,,100.0000,0,0.0000,0,0.0000,0,0.0000,0,0.0000,0,0.0000,0,0.0000,0.000000,0.000000,0.00,0.00
2026-05-30T15:18:50-0300,1780165130,973,-25.0958,996,-25.4018,3,0.0012,4,0.0033,989,-25.2892,982,-24.3958,1,-0.1107,5150,11.9046,,0.0000,,100.0000,0,0.0000,0,0.0000,0,0.0000,0,0.0000,0,0.0000,0,0.0000,0.000000,0.000000,0.00,0.00
2026-05-30T15:18:50-0300,1780165130,973,-25.0958,995,-25.4032,2,-0.0009,3,0.0018,989,-25.2892,982,-24.3958,0,-0.1661,5150,11.9046,,0.0000,,100.0000,0,0.0000,0,0.0000,0,0.0000,0,0.0000,0,0.0000,0,0.0000,0.000000,0.000000,0.00,0.00
2026-05-30T15:18:50-0300,1780165130,973,-25.0958,995,-25.4034,3,0.0006,3,0.0015,989,-25.2893,982,-24.3958,1,-0.1217,5151,11.9064,,0.0000,,100.0000,0,0.0000,0,0.0000,0,0.0000,0,0.0000,0,0.0000,0,0.0000,0.000000,0.000000,0.00,0.00
2026-05-30T15:18:50-0300,1780165130,973,-25.0958,995,-25.4035,3,0.0009,3,0.0014,989,-25.2893,983,-24.3942,1,-0.1128,5150,11.9050,,0.0000,,100.0000,0,0.0000,0,0.0000,0,0.0000,0,0.0000,0,0.0000,0,0.0000,0.000000,0.000000,0.00,0.00
2026-05-30T15:18:50-0300,1780165130,973,-25.0958,995,-25.4035,3,0.0009,3,0.0014,989,-25.2893,983,-24.3939,1,-0.1111,5150,11.9047,,0.0000,,100.0000,0,0.0000,0,0.0000,0,0.0000,0,0.0000,0,0.0000,0,0.0000,0.000000,0.000000,0.00,0.00
2026-05-30T15:18:50-0300,1780165130,973,-25.0958,995,-25.4035,3,0.0009,3,0.0014,989,-25.2893,982,-24.3954,1,-0.1107,5150,11.9046,,0.0000,,100.0000,0,0.0000,0,0.0000,0,0.0000,0,0.0000,0,0.0000,0,0.0000,0.000000,0.000000,0.00,0.00
2026-05-30T15:18:50-0300,1780165130,972,-25.0975,995,-25.4035,3,0.0009,3,0.0014,989,-25.2893,982,-24.3957,0,-0.1661,5151,11.9064,,0.0000,,100.0000,0,0.0000,0,0.0000,0,0.0000,0,0.0000,0,0.0000,0,0.0000,0.000000,0.000000,0.00,0.00
2026-05-30T15:18:50-0300,1780165130,973,-25.0962,995,-25.4035,3,0.0009,3,0.0014,989,-25.2893,982,-24.3958,0,-0.1772,5150,11.9050,,0.0000,,100.0000,0,0.0000,0,0.0000,0,0.0000,0,0.0000,0,0.0000,0,0.0000,0.000000,0.000000,0.00,0.00
2026-05-30T15:18:50-0300,1780165130,973,-25.0959,994,-25.4052,3,0.0009,3,0.0014,988,-25.2909,982,-24.3958,1,-0.1239,5149,11.9028,,0.0000,,100.0000,0,0.0000,0,0.0000,0,0.0000,0,0.0000,0,0.0000,0,0.0000,0.000000,0.000000,0.00,0.00
2026-05-30T15:18:51-0300,1780165131,973,-25.0958,994,-25.4055,2,-0.0009,3,0.0014,989,-25.2896,982,-24.3958,0,-0.1688,5150,11.9042,,0.0000,,100.0000,0,0.0000,0,0.0000,0,0.0000,0,0.0000,0,0.0000,0,0.0000,0.000000,0.000000,0.00,0.00
2026-05-30T15:18:51-0300,1780165131,972,-25.0975,995,-25.4039,3,0.0006,3,0.0014,989,-25.2893,982,-24.3958,1,-0.1222,5150,11.9045,,0.0000,,100.0000,0,0.0000,0,0.0000,0,0.0000,0,0.0000,0,0.0000,0,0.0000,0.000000,0.000000,0.00,0.00
2026-05-30T15:18:51-0300,1780165131,972,-25.0978,994,-25.4053,3,0.0009,3,0.0014,988,-25.2909,981,-24.3974,1,-0.1129,5150,11.9046,,0.0000,,100.0000,0,0.0000,0,0.0000,0,0.0000,0,0.0000,0,0.0000,0,0.0000,0.000000,0.000000,0.00,0.00
2026-05-30T15:18:51-0300,1780165131,973,-25.0962,994,-25.4055,3,0.0009,3,0.0014,988,-25.2912,982,-24.3961,0,-0.1666,5150,11.9046,,0.0000,,100.0000,0,0.0000,0,0.0000,0,0.0000,0,0.0000,0,0.0000,0,0.0000,0.000000,0.000000,0.00,0.00
2026-05-30T15:18:51-0300,1780165131,972,-25.0976,994,-25.4056,3,0.0009,3,0.0014,988,-25.2913,982,-24.3959,0,-0.1773,5151,11.9064,,0.0000,,100.0000,0,0.0000,0,0.0000,0,0.0000,0,0.0000,0,0.0000,0,0.0000,0.000000,0.000000,0.00,0.00
2026-05-30T15:18:51-0300,1780165131,972,-25.0978,993,-25.4072,3,0.0009,3,0.0014,988,-25.2913,982,-24.3958,1,-0.1239,5150,11.9050,,0.0000,,100.0000,0,0.0000,0,0.0000,0,0.0000,0,0.0000,0,0.0000,0,0.0000,0.000000,0.000000,0.00,0.00
2026-05-30T15:18:51-0300,1780165131,972,-25.0979,994,-25.4059,3,0.0009,3,0.0014,989,-25.2897,982,-24.3958,1,-0.1133,5150,11.9047,,0.0000,,100.0000,0,0.0000,0,0.0000,0,0.0000,0,0.0000,0,0.0000,0,0.0000,0.000000,0.000000,0.00,0.00
2026-05-30T15:18:51-0300,1780165131,972,-25.0979,993,-25.4073,3,0.0009,3,0.0014,988,-25.2910,981,-24.3974,0,-0.1666,5150,11.9046,,0.0000,,100.0000,0,0.0000,0,0.0000,0,0.0000,0,0.0000,0,0.0000,0,0.0000,0.000000,0.000000,0.00,0.00
2026-05-30T15:18:51-0300,1780165131,972,-25.0979,993,-25.4076,3,0.0009,4,0.0033,987,-25.2929,981,-24.3977,0,-0.1773,5150,11.9046,,0.0000,,100.0000,0,0.0000,0,0.0000,0,0.0000,0,0.0000,0,0.0000,0,0.0000,0.000000,0.000000,0.00,0.00
2026-05-30T15:18:51-0300,1780165131,972,-25.0979,993,-25.4077,3,0.0009,3,0.0018,988,-25.2916,980,-24.3994,0,-0.1794,5150,11.9046,,0.0000,,100.0000,0,0.0000,0,0.0000,0,0.0000,0,0.0000,0,0.0000,0,0.0000,0.000000,0.000000,0.00,0.00
2026-05-30T15:18:51-0300,1780165131,972,-25.0979,993,-25.4077,3,0.0009,4,0.0033,988,-25.2914,981,-24.3981,1,-0.1244,5151,11.9064,,0.0000,,100.0000,0,0.0000,0,0.0000,0,0.0000,0,0.0000,0,0.0000,0,0.0000,0.000000,0.000000,0.00,0.00
2026-05-30T15:18:51-0300,1780165131,972,-25.0979,993,-25.4077,3,0.0009,3,0.0018,988,-25.2913,981,-24.3979,1,-0.1134,5150,11.9050,,0.0000,,100.0000,0,0.0000,0,0.0000,0,0.0000,0,0.0000,0,0.0000,0,0.0000,0.000000,0.000000,0.00,0.00
2026-05-30T15:18:51-0300,1780165131,972,-25.0979,993,-25.4077,3,0.0009,3,0.0015,988,-25.2913,981,-24.3978,1,-0.1112,5150,11.9047,,0.0000,,100.0000,0,0.0000,0,0.0000,0,0.0000,0,0.0000,0,0.0000,0,0.0000,0.000000,0.000000,0.00,0.00
